run_id,scenario,budget_level,engine,embedding_model,quality_target,primary_quality_metric,primary_quality_value,p99_ms,qps,task_cost_est,post_insert_hit_at_10_5s,stale_answer_rate_at_5s,evidence_coverage_at_10,event_count,overlap_skipped_event_count
run-4d60b430e0-r0-c1-t25-portable_s1,s1_single_hop,b0,faiss-cpu,BAAI/bge-base-en-v1.5,0.25,ndcg_at_10,0.5268284656504536,2.78756933985278,371.6801935203145,282.5605704718016,,,0.6235764887610525,,
run-4d60b430e0-r0-c4-t25-portable_s1,s1_single_hop,b0,faiss-cpu,BAAI/bge-base-en-v1.5,0.25,ndcg_at_10,0.5268284656504536,10.785103363450615,375.1026983617863,282.5605704775688,,,0.6235764887610525,,
run-4d60b430e0-r0-c8-t25-portable_s1,s1_single_hop,b0,faiss-cpu,BAAI/bge-base-en-v1.5,0.25,ndcg_at_10,0.5268284656504536,21.692274381639432,370.3791805866301,282.5605704854802,,,0.6235764887610525,,
run-79eb239621-r0-c1-t25-portable_s1,s1_single_hop,b0,faiss-cpu,BAAI/bge-small-en-v1.5,0.25,ndcg_at_10,0.5055062099023669,1.3750116131268442,764.0715983483703,262.7592281888803,,,0.6007523702993501,,
run-79eb239621-r0-c4-t25-portable_s1,s1_single_hop,b0,faiss-cpu,BAAI/bge-small-en-v1.5,0.25,ndcg_at_10,0.5055062099023669,5.357700565364212,752.4938986171094,262.759228191779,,,0.6007523702993501,,
run-79eb239621-r0-c8-t25-portable_s1,s1_single_hop,b0,faiss-cpu,BAAI/bge-small-en-v1.5,0.25,ndcg_at_10,0.5055062099023669,10.712996792281043,750.0444923608817,262.7592281956494,,,0.6007523702993501,,
run-d9e9c72fcd-r0-c1-t25-portable_s1,s1_single_hop,b0,lancedb-inproc,BAAI/bge-base-en-v1.5,0.25,ndcg_at_10,0.5670059247773119,16.835256415652108,63.585694541403605,290.47971699283926,,,0.6697520465209145,,
run-d9e9c72fcd-r0-c4-t25-portable_s1,s1_single_hop,b0,lancedb-inproc,BAAI/bge-base-en-v1.5,0.25,ndcg_at_10,0.5130091526295979,83.54149457532912,52.13568403187252,280.26755730781156,,,0.6109331455228402,,
run-d9e9c72fcd-r0-c8-t25-portable_s1,s1_single_hop,b0,lancedb-inproc,BAAI/bge-base-en-v1.5,0.25,ndcg_at_10,0.4581506467251704,196.22553923167297,47.03212100257176,267.7598518184068,,,0.5393269101425882,,
run-84c9618a86-r0-c1-t25-portable_s1,s1_single_hop,b0,lancedb-inproc,BAAI/bge-small-en-v1.5,0.25,ndcg_at_10,0.5055062099023669,10.550027329009021,101.04443143374893,262.75922819518433,,,0.6007523702993501,,
run-84c9618a86-r0-c4-t25-portable_s1,s1_single_hop,b0,lancedb-inproc,BAAI/bge-small-en-v1.5,0.25,ndcg_at_10,0.5055062099023669,46.21246333466842,103.63719107457882,262.75922821594236,,,0.6007523702993501,,
run-84c9618a86-r0-c8-t25-portable_s1,s1_single_hop,b0,lancedb-inproc,BAAI/bge-small-en-v1.5,0.25,ndcg_at_10,0.5055062099023669,88.22969049913807,103.1295606382031,262.75922824413743,,,0.6007523702993501,,
run-596a084bc3-r0-c1-t25-portable_s1,s1_single_hop,b0,pgvector,BAAI/bge-base-en-v1.5,0.25,ndcg_at_10,0.7467713828726917,98.52455444633961,10.581132253981556,336.70896233287334,,,0.8877358490566037,,
run-596a084bc3-r0-c4-t25-portable_s1,s1_single_hop,b0,pgvector,BAAI/bge-base-en-v1.5,0.25,ndcg_at_10,0.554684910313849,201.4538900111802,21.57048070873093,282.6437501343178,,,0.6479166666666666,,
run-596a084bc3-r0-c8-t25-portable_s1,s1_single_hop,b0,pgvector,BAAI/bge-base-en-v1.5,0.25,ndcg_at_10,0.7319158192712868,749.7507157106884,10.716592121755818,328.19732196893136,,,0.8714285714285713,,
run-82c0bdab82-r0-c1-t25-portable_s1,s1_single_hop,b0,pgvector,BAAI/bge-small-en-v1.5,0.25,ndcg_at_10,0.38811298216142825,24.104554218938578,48.35335029807784,226.3952479488806,,,0.46843024399842575,,
run-82c0bdab82-r0-c4-t25-portable_s1,s1_single_hop,b0,pgvector,BAAI/bge-small-en-v1.5,0.25,ndcg_at_10,0.3946689005868845,81.64248136454262,48.789299691841336,228.20194678065363,,,0.4711480288836846,,
run-82c0bdab82-r0-c8-t25-portable_s1,s1_single_hop,b0,pgvector,BAAI/bge-small-en-v1.5,0.25,ndcg_at_10,0.45771207954968074,333.16079024691135,24.498017127007667,243.28064539758614,,,0.5494271633384537,,
run-3b167d4e2c-r0-c1-t25-portable_s1,s1_single_hop,b0,qdrant,BAAI/bge-base-en-v1.5,0.25,ndcg_at_10,0.5251461130666253,5.921117909019812,260.06943931381846,282.9592281907009,,,0.6202673910727602,,
run-3b167d4e2c-r0-c4-t25-portable_s1,s1_single_hop,b0,qdrant,BAAI/bge-base-en-v1.5,0.25,ndcg_at_10,0.5235699403315216,5.4056192724965495,752.2153645121733,283.0733221514977,,,0.6176573985298818,,
run-3b167d4e2c-r0-c8-t25-portable_s1,s1_single_hop,b0,qdrant,BAAI/bge-base-en-v1.5,0.25,ndcg_at_10,0.5216397499780095,9.684169855900109,821.4007357836017,283.20016779228024,,,0.6163679379283405,,
run-3291dfdc39-r0-c1-t25-portable_s1,s1_single_hop,b0,qdrant,BAAI/bge-small-en-v1.5,0.25,ndcg_at_10,0.49779975101480195,6.04171122307889,237.96471494588707,264.02734899632844,,,0.5916360392031533,,
run-3291dfdc39-r0-c4-t25-portable_s1,s1_single_hop,b0,qdrant,BAAI/bge-small-en-v1.5,0.25,ndcg_at_10,0.498722372070787,4.370937066851184,943.1668144177501,263.6456375869605,,,0.5927732502396932,,
run-3291dfdc39-r0-c8-t25-portable_s1,s1_single_hop,b0,qdrant,BAAI/bge-small-en-v1.5,0.25,ndcg_at_10,0.499364044977269,8.04734122357331,989.6189174335295,263.3072147709484,,,0.5938918184723554,,
run-2d2c684d14-r0-c1-t25-portable_s1,s1_single_hop,b1,faiss-cpu,BAAI/bge-base-en-v1.5,0.25,ndcg_at_10,0.5268284656504536,4.622694256249815,236.76555999201904,282.56057047294297,,,0.6235764887610525,,
run-2d2c684d14-r0-c4-t25-portable_s1,s1_single_hop,b1,faiss-cpu,BAAI/bge-base-en-v1.5,0.25,ndcg_at_10,0.5268284656504536,16.75968285650015,254.71845276875084,282.56057048124114,,,0.6235764887610525,,
run-2d2c684d14-r0-c8-t25-portable_s1,s1_single_hop,b1,faiss-cpu,BAAI/bge-base-en-v1.5,0.25,ndcg_at_10,0.5268284656504536,33.56571970623918,255.12507282314593,282.56057049256447,,,0.6235764887610525,,
run-9908215b3c-r0-c1-t25-portable_s1,s1_single_hop,b1,faiss-cpu,BAAI/bge-small-en-v1.5,0.25,ndcg_at_10,0.5055062099023669,1.6812888020649546,760.3702780853592,262.75922818888495,,,0.6007523702993501,,
run-9908215b3c-r0-c4-t25-portable_s1,s1_single_hop,b1,faiss-cpu,BAAI/bge-small-en-v1.5,0.25,ndcg_at_10,0.5055062099023669,15.313670871546487,325.9977607725379,262.75922819682836,,,0.6007523702993501,,
run-9908215b3c-r0-c8-t25-portable_s1,s1_single_hop,b1,faiss-cpu,BAAI/bge-small-en-v1.5,0.25,ndcg_at_10,0.5055062099023669,26.02854023221877,346.9873738141654,262.7592282046284,,,0.6007523702993501,,
run-8aaaabb9a3-r0-c1-t25-portable_s1,s1_single_hop,b1,lancedb-inproc,BAAI/bge-base-en-v1.5,0.25,ndcg_at_10,0.5268284656504537,29.62043624254872,42.001155384085514,282.56057048752217,,,0.6235764887610525,,
run-8aaaabb9a3-r0-c4-t25-portable_s1,s1_single_hop,b1,lancedb-inproc,BAAI/bge-base-en-v1.5,0.25,ndcg_at_10,0.5268284656504537,130.30019540223282,34.66381418672743,282.5605705538791,,,0.6235764887610525,,
run-8aaaabb9a3-r0-c8-t25-portable_s1,s1_single_hop,b1,lancedb-inproc,BAAI/bge-base-en-v1.5,0.25,ndcg_at_10,0.5323124410547186,427.8862989135087,27.930479601584025,283.16089306509014,,,0.6315206916099771,,
run-6d9cff9c7e-r0-c1-t25-portable_s1,s1_single_hop,b1,lancedb-inproc,BAAI/bge-small-en-v1.5,0.25,ndcg_at_10,0.5055062099023669,23.39103440404869,60.29289567233621,262.75922820009464,,,0.6007523702993501,,
run-6d9cff9c7e-r0-c4-t25-portable_s1,s1_single_hop,b1,lancedb-inproc,BAAI/bge-small-en-v1.5,0.25,ndcg_at_10,0.5055062099023669,90.94178635277775,54.22374696722913,262.7592282414793,,,0.6007523702993502,,
run-6d9cff9c7e-r0-c8-t25-portable_s1,s1_single_hop,b1,lancedb-inproc,BAAI/bge-small-en-v1.5,0.25,ndcg_at_10,0.5055062099023669,175.9639386681374,55.67486408710851,262.75922829205507,,,0.6007523702993502,,
run-7a2ba50c6c-r0-c1-t25-portable_s1,s1_single_hop,b1,pgvector,BAAI/bge-base-en-v1.5,0.25,ndcg_at_10,0.609530170212719,131.45457516424358,10.886326214679416,294.673853277805,,,0.7164288141352361,,
run-7a2ba50c6c-r0-c4-t25-portable_s1,s1_single_hop,b1,pgvector,BAAI/bge-base-en-v1.5,0.25,ndcg_at_10,0.5409563971838087,336.4783963991794,13.710655357295087,284.0879856482105,,,0.6349880567113577,,
run-7a2ba50c6c-r0-c8-t25-portable_s1,s1_single_hop,b1,pgvector,BAAI/bge-base-en-v1.5,0.25,ndcg_at_10,0.5050239348458002,686.4283255394547,13.319268795936555,277.6072504347699,,,0.5880376984126984,,
run-eb7fb82104-r0-c1-t25-portable_s1,s1_single_hop,b1,pgvector,BAAI/bge-small-en-v1.5,0.25,ndcg_at_10,0.4279495450749153,58.09373700059951,20.957103125286082,237.44141497895646,,,0.5102638352638353,,
run-eb7fb82104-r0-c4-t25-portable_s1,s1_single_hop,b1,pgvector,BAAI/bge-small-en-v1.5,0.25,ndcg_at_10,0.4259549597800726,265.36633072188135,21.317959057839232,234.88406263581325,,,0.5089155505952381,,
run-eb7fb82104-r0-c8-t25-portable_s1,s1_single_hop,b1,pgvector,BAAI/bge-small-en-v1.5,0.25,ndcg_at_10,0.43675284454967894,460.88341881986725,21.775257643105554,238.02370453413477,,,0.5205883420441347,,
run-b503a7b322-r0-c1-t25-portable_s1,s1_single_hop,b1,qdrant,BAAI/bge-base-en-v1.5,0.25,ndcg_at_10,0.5236277938322761,6.385307869641108,194.95480129280264,282.78791946679775,,,0.6181234686268243,,
run-b503a7b322-r0-c4-t25-portable_s1,s1_single_hop,b1,qdrant,BAAI/bge-base-en-v1.5,0.25,ndcg_at_10,0.5252833073953241,8.36369534372352,501.35886336995793,282.99697987154315,,,0.6213393522957281,,
run-b503a7b322-r0-c8-t25-portable_s1,s1_single_hop,b1,qdrant,BAAI/bge-base-en-v1.5,0.25,ndcg_at_10,0.5161880928117515,16.37756237876601,500.28925896193977,283.0744966558627,,,0.6095167075032847,,
run-68b5a4ad36-r0-c1-t25-portable_s1,s1_single_hop,b1,qdrant,BAAI/bge-small-en-v1.5,0.25,ndcg_at_10,0.5043054664089018,6.0974092932883535,240.87189158491168,263.0595637613924,,,0.5997643016938319,,
run-68b5a4ad36-r0-c4-t25-portable_s1,s1_single_hop,b1,qdrant,BAAI/bge-small-en-v1.5,0.25,ndcg_at_10,0.4986131821685211,7.25264600245282,571.4658597256991,263.52567114600294,,,0.5915055395760095,,
run-68b5a4ad36-r0-c8-t25-portable_s1,s1_single_hop,b1,qdrant,BAAI/bge-small-en-v1.5,0.25,ndcg_at_10,0.5048028082777821,15.284158759750424,565.8859846082327,263.31778524512583,,,0.600137157771386,,
run-fad40fd692-r0-c1-t25-portable_s1,s1_single_hop,b2,faiss-cpu,BAAI/bge-base-en-v1.5,0.25,ndcg_at_10,0.5268284656504536,8.751714971149317,218.56330382798686,282.56057047320485,,,0.6235764887610525,,
run-fad40fd692-r0-c4-t25-portable_s1,s1_single_hop,b2,faiss-cpu,BAAI/bge-base-en-v1.5,0.25,ndcg_at_10,0.5268284656504536,16.865730168065053,254.9409574394374,282.56057048123114,,,0.6235764887610525,,
run-fad40fd692-r0-c8-t25-portable_s1,s1_single_hop,b2,faiss-cpu,BAAI/bge-base-en-v1.5,0.25,ndcg_at_10,0.5268284656504536,36.90417439560406,243.95440263061116,282.5605704936069,,,0.6235764887610525,,
run-fad40fd692-r1-c1-t25-portable_s1,s1_single_hop,b2,faiss-cpu,BAAI/bge-base-en-v1.5,0.25,ndcg_at_10,0.5268284656504536,4.711994965327904,245.10585937198792,282.560570472836,,,0.6235764887610525,,
run-fad40fd692-r1-c4-t25-portable_s1,s1_single_hop,b2,faiss-cpu,BAAI/bge-base-en-v1.5,0.25,ndcg_at_10,0.5268284656504536,16.721330805448815,251.11210677500554,282.5605704814054,,,0.6235764887610525,,
run-fad40fd692-r1-c8-t25-portable_s1,s1_single_hop,b2,faiss-cpu,BAAI/bge-base-en-v1.5,0.25,ndcg_at_10,0.5268284656504536,33.09259689296596,251.1034461450508,282.56057049292906,,,0.6235764887610525,,
run-cc6096abbc-r0-c1-t25-portable_s1,s1_single_hop,b2,faiss-cpu,BAAI/bge-small-en-v1.5,0.25,ndcg_at_10,0.5055062099023669,1.7685398273169983,731.4819591980023,262.7592281889231,,,0.6007523702993501,,
run-cc6096abbc-r0-c4-t25-portable_s1,s1_single_hop,b2,faiss-cpu,BAAI/bge-small-en-v1.5,0.25,ndcg_at_10,0.5055062099023669,5.803250070894137,730.1620174759438,262.759228191897,,,0.6007523702993501,,
run-cc6096abbc-r0-c8-t25-portable_s1,s1_single_hop,b2,faiss-cpu,BAAI/bge-small-en-v1.5,0.25,ndcg_at_10,0.5055062099023669,11.196278928546235,729.0846144746047,262.75922819587163,,,0.6007523702993501,,
run-cc6096abbc-r1-c1-t25-portable_s1,s1_single_hop,b2,faiss-cpu,BAAI/bge-small-en-v1.5,0.25,ndcg_at_10,0.5055062099023669,1.5357649652287362,733.1862061321298,262.75922818892076,,,0.6007523702993501,,
run-cc6096abbc-r1-c4-t25-portable_s1,s1_single_hop,b2,faiss-cpu,BAAI/bge-small-en-v1.5,0.25,ndcg_at_10,0.5055062099023669,5.684080629143864,732.0605006318771,262.75922819188673,,,0.6007523702993501,,
run-cc6096abbc-r1-c8-t25-portable_s1,s1_single_hop,b2,faiss-cpu,BAAI/bge-small-en-v1.5,0.25,ndcg_at_10,0.5055062099023669,11.003130587050691,738.3535109438047,262.7592281957718,,,0.6007523702993501,,
run-8f38cd297d-r0-c1-t25-portable_s1,s1_single_hop,b2,lancedb-inproc,BAAI/bge-base-en-v1.5,0.25,ndcg_at_10,0.5268284656504536,24.635358221130446,43.7556587182739,282.5605704868115,,,0.6235764887610525,,
run-8f38cd297d-r0-c4-t25-portable_s1,s1_single_hop,b2,lancedb-inproc,BAAI/bge-base-en-v1.5,0.25,ndcg_at_10,0.5268284656504536,124.06729399226606,36.41939227695017,282.560570549826,,,0.6235764887610525,,
run-8f38cd297d-r0-c8-t25-portable_s1,s1_single_hop,b2,lancedb-inproc,BAAI/bge-base-en-v1.5,0.25,ndcg_at_10,0.5268284656504537,337.44545622030273,29.84458698427004,282.56057066440906,,,0.6235764887610524,,
run-8f38cd297d-r1-c1-t25-portable_s1,s1_single_hop,b2,lancedb-inproc,BAAI/bge-base-en-v1.5,0.25,ndcg_at_10,0.5268284656504536,26.74756685155443,41.06698802783177,282.56057048792536,,,0.6235764887610525,,
run-8f38cd297d-r1-c4-t25-portable_s1,s1_single_hop,b2,lancedb-inproc,BAAI/bge-base-en-v1.5,0.25,ndcg_at_10,0.5268284656504536,151.53684273478473,33.55645534968691,282.5605705566537,,,0.6235764887610525,,
run-8f38cd297d-r1-c8-t25-portable_s1,s1_single_hop,b2,lancedb-inproc,BAAI/bge-base-en-v1.5,0.25,ndcg_at_10,0.5268284656504537,300.28697766480036,29.4810733796329,282.5605706668087,,,0.6235764887610524,,
run-b2e6f3dfcd-r0-c1-t25-portable_s1,s1_single_hop,b2,lancedb-inproc,BAAI/bge-small-en-v1.5,0.25,ndcg_at_10,0.5055062099023669,17.105920581379905,65.52512329203392,262.75922819912245,,,0.6007523702993501,,
run-b2e6f3dfcd-r0-c4-t25-portable_s1,s1_single_hop,b2,lancedb-inproc,BAAI/bge-small-en-v1.5,0.25,ndcg_at_10,0.5055062099023669,93.28703575185496,64.01738924247364,262.7592282332855,,,0.6007523702993501,,
run-b2e6f3dfcd-r0-c8-t25-portable_s1,s1_single_hop,b2,lancedb-inproc,BAAI/bge-small-en-v1.5,0.25,ndcg_at_10,0.5055062099023669,172.10728548699987,54.36677504740423,262.7592282945606,,,0.6007523702993501,,
run-b2e6f3dfcd-r1-c1-t25-portable_s1,s1_single_hop,b2,lancedb-inproc,BAAI/bge-small-en-v1.5,0.25,ndcg_at_10,0.5055062099023669,23.73339488985948,60.94578121129077,262.75922819996424,,,0.6007523702993501,,
run-b2e6f3dfcd-r1-c4-t25-portable_s1,s1_single_hop,b2,lancedb-inproc,BAAI/bge-small-en-v1.5,0.25,ndcg_at_10,0.5055062099023669,70.09557958343065,66.88707729325657,262.75922823133914,,,0.6007523702993501,,
run-b2e6f3dfcd-r1-c8-t25-portable_s1,s1_single_hop,b2,lancedb-inproc,BAAI/bge-small-en-v1.5,0.25,ndcg_at_10,0.5055062099023669,147.0332627661992,61.0020003320081,262.7592282829612,,,0.6007523702993501,,
run-f4f7435cb8-r0-c1-t25-portable_s1,s1_single_hop,b2,pgvector,BAAI/bge-base-en-v1.5,0.25,ndcg_at_10,0.5043065984891,106.14210579777139,13.160949294304064,279.4389873970235,,,0.6014059674502712,,
run-f4f7435cb8-r0-c4-t25-portable_s1,s1_single_hop,b2,pgvector,BAAI/bge-base-en-v1.5,0.25,ndcg_at_10,0.5126921399657607,342.0364779618102,13.863339282467479,280.27986799745156,,,0.6086266597985348,,
run-f4f7435cb8-r0-c8-t25-portable_s1,s1_single_hop,b2,pgvector,BAAI/bge-base-en-v1.5,0.25,ndcg_at_10,0.502144225761722,772.9709724511481,13.326106483856243,278.70168793454684,,,0.5992217261904762,,
run-f4f7435cb8-r1-c1-t25-portable_s1,s1_single_hop,b2,pgvector,BAAI/bge-base-en-v1.5,0.25,ndcg_at_10,0.47861889832195503,153.7557644431945,12.066280118356106,272.7159530989379,,,0.5688914101552223,,
run-f4f7435cb8-r1-c4-t25-portable_s1,s1_single_hop,b2,pgvector,BAAI/bge-base-en-v1.5,0.25,ndcg_at_10,0.5336999011710873,325.3874163050206,13.756043365848367,283.88097847148964,,,0.6312643777317689,,
run-f4f7435cb8-r1-c8-t25-portable_s1,s1_single_hop,b2,pgvector,BAAI/bge-base-en-v1.5,0.25,ndcg_at_10,0.532798072645412,676.4064562739804,13.576296634584104,283.20753719124474,,,0.6307525093370682,,
run-64e31f4da9-r0-c1-t25-portable_s1,s1_single_hop,b2,pgvector,BAAI/bge-small-en-v1.5,0.25,ndcg_at_10,0.5055062099023669,50.1944152382202,27.212523611207377,262.7592282145661,,,0.6007523702993501,,
run-64e31f4da9-r0-c4-t25-portable_s1,s1_single_hop,b2,pgvector,BAAI/bge-small-en-v1.5,0.25,ndcg_at_10,0.5055062099023669,162.58839614689307,29.289565934887587,262.75922828676903,,,0.6007523702993501,,
run-64e31f4da9-r0-c8-t25-portable_s1,s1_single_hop,b2,pgvector,BAAI/bge-small-en-v1.5,0.25,ndcg_at_10,0.5055062099023669,311.22960010427016,28.94894379170657,262.7592283878846,,,0.6007523702993501,,
run-64e31f4da9-r1-c1-t25-portable_s1,s1_single_hop,b2,pgvector,BAAI/bge-small-en-v1.5,0.25,ndcg_at_10,0.5055062099023669,48.112800533417605,28.685797910731182,262.75922821319756,,,0.6007523702993501,,
run-64e31f4da9-r1-c4-t25-portable_s1,s1_single_hop,b2,pgvector,BAAI/bge-small-en-v1.5,0.25,ndcg_at_10,0.5055062099023669,172.24460477358647,28.5613523809913,262.75922828928935,,,0.6007523702993501,,
run-64e31f4da9-r1-c8-t25-portable_s1,s1_single_hop,b2,pgvector,BAAI/bge-small-en-v1.5,0.25,ndcg_at_10,0.5055062099023669,315.1284975139422,28.38991356705293,262.75922839182215,,,0.6007523702993501,,
run-158a40b920-r0-c1-t25-portable_s1,s1_single_hop,b2,qdrant,BAAI/bge-base-en-v1.5,0.25,ndcg_at_10,0.5243899519397835,5.796467433683572,222.9688603020946,283.12399329183484,,,0.6188225737722381,,
run-158a40b920-r0-c4-t25-portable_s1,s1_single_hop,b2,qdrant,BAAI/bge-base-en-v1.5,0.25,ndcg_at_10,0.5203031898429767,9.101285004289778,430.1093979215453,284.09278524162676,,,0.6154668690742516,,
run-158a40b920-r0-c8-t25-portable_s1,s1_single_hop,b2,qdrant,BAAI/bge-base-en-v1.5,0.25,ndcg_at_10,0.519188040087956,16.628731911769137,505.79035187426945,283.21006712553555,,,0.6124840204538191,,
run-158a40b920-r1-c1-t25-portable_s1,s1_single_hop,b2,qdrant,BAAI/bge-base-en-v1.5,0.25,ndcg_at_10,0.524694358201826,6.674664366291836,209.16630382288312,283.295637587351,,,0.6185429317140726,,
run-158a40b920-r1-c4-t25-portable_s1,s1_single_hop,b2,qdrant,BAAI/bge-base-en-v1.5,0.25,ndcg_at_10,0.5218066063347134,8.931545775849365,496.448390164777,283.6244966501237,,,0.6159329391711942,,
run-158a40b920-r1-c8-t25-portable_s1,s1_single_hop,b2,qdrant,BAAI/bge-base-en-v1.5,0.25,ndcg_at_10,0.5249589211528903,14.880275954492383,540.4350231712157,283.75889262815775,,,0.6196614999467348,,
run-f2b74e36c8-r0-c1-t25-portable_s1,s1_single_hop,b2,qdrant,BAAI/bge-small-en-v1.5,0.25,ndcg_at_10,0.4960201933106643,5.935947720427065,245.71131492903973,263.35704698280983,,,0.5881498348780229,,
run-f2b74e36c8-r0-c4-t25-portable_s1,s1_single_hop,b2,qdrant,BAAI/bge-small-en-v1.5,0.25,ndcg_at_10,0.5035957951041496,8.725598286837338,502.5906043885483,263.28523490508604,,,0.5982355917758602,,
run-f2b74e36c8-r0-c8-t25-portable_s1,s1_single_hop,b2,qdrant,BAAI/bge-small-en-v1.5,0.25,ndcg_at_10,0.49985309656119925,15.804140676045787,531.7356549499297,263.2902684672591,,,0.5933263200880651,,
run-f2b74e36c8-r1-c1-t25-portable_s1,s1_single_hop,b2,qdrant,BAAI/bge-small-en-v1.5,0.25,ndcg_at_10,0.4984317178037957,6.312110341386865,241.67531541009126,263.3934563788321,,,0.5919902524768296,,
run-f2b74e36c8-r1-c4-t25-portable_s1,s1_single_hop,b2,qdrant,BAAI/bge-small-en-v1.5,0.25,ndcg_at_10,0.4978663734064849,8.865015562623734,505.7308503692449,264.0885906097483,,,0.5904988281666134,,
run-f2b74e36c8-r1-c8-t25-portable_s1,s1_single_hop,b2,qdrant,BAAI/bge-small-en-v1.5,0.25,ndcg_at_10,0.49910177236966,14.983591136988242,561.1256365241462,263.75973155393746,,,0.5935189623948014,,
run-3bf630a9f6-r0-c8-t25-portable_s2,s2_streaming_memory,b0,faiss-cpu,BAAI/bge-base-en-v1.5,0.25,ndcg_at_10,0.5268284656504536,21.905016424134363,378.57820463306564,282.5605704889627,0.846,0.15400000000000003,,500,0
run-c4cbfe7649-r0-c8-t25-portable_s2,s2_streaming_memory,b0,faiss-cpu,BAAI/bge-small-en-v1.5,0.25,ndcg_at_10,0.5055062099023669,10.46268538222648,795.5363646326896,262.7592281970261,0.83,0.17000000000000004,,500,0
run-5dbf029857-r0-c8-t25-portable_s2,s2_streaming_memory,b0,lancedb-inproc,BAAI/bge-base-en-v1.5,0.25,ndcg_at_10,0.4126503107167926,578.9608034770936,45.05350047644607,261.12763173997905,0.846,0.15400000000000003,,500,0
run-eac08a4be5-r0-c8-t25-portable_s2,s2_streaming_memory,b0,lancedb-inproc,BAAI/bge-small-en-v1.5,0.25,ndcg_at_10,0.5055062099023669,99.81571499956769,95.46490405629388,262.75922826380713,0.83,0.17000000000000004,,500,0
run-2463e191e4-r0-c8-t25-portable_s2,s2_streaming_memory,b0,pgvector,BAAI/bge-base-en-v1.5,0.25,ndcg_at_10,0.7319158192712868,748.1766877393238,11.028135559200962,328.197322084858,0.846,0.15400000000000003,,500,0
run-674c95ffbd-r0-c8-t25-portable_s2,s2_streaming_memory,b0,pgvector,BAAI/bge-small-en-v1.5,0.25,ndcg_at_10,0.44431923041273763,321.1228387162555,31.79027031347333,244.93078147760292,0.83,0.17000000000000004,,500,0
run-9909bfa439-r0-c8-t25-portable_s2,s2_streaming_memory,b0,qdrant,BAAI/bge-base-en-v1.5,0.25,ndcg_at_10,0.5200274991098041,9.50274660717696,834.9366506405729,282.9523490019525,0.85,0.15000000000000002,,500,0
run-f39a7f82cc-r0-c8-t25-portable_s2,s2_streaming_memory,b0,qdrant,BAAI/bge-small-en-v1.5,0.25,ndcg_at_10,0.5036012799037003,8.214323689462615,958.0203487373918,262.90855705453066,0.83,0.17000000000000004,,500,0
run-d9db3a0f31-r0-c8-t25-portable_s2,s2_streaming_memory,b1,faiss-cpu,BAAI/bge-base-en-v1.5,0.25,ndcg_at_10,0.5268284656504536,21.54384787310846,374.99589707003423,282.5605704891458,0.846,0.15400000000000003,,500,0
run-71f15fb560-r0-c8-t25-portable_s2,s2_streaming_memory,b1,faiss-cpu,BAAI/bge-small-en-v1.5,0.25,ndcg_at_10,0.5055062099023669,10.203539383364841,785.6796265730893,262.7592281971404,0.83,0.17000000000000004,,500,0
run-a4c40fab37-r0-c8-t25-portable_s2,s2_streaming_memory,b1,lancedb-inproc,BAAI/bge-base-en-v1.5,0.25,ndcg_at_10,0.5268284656504536,201.50574135128394,46.95481985022036,282.5605706243098,0.846,0.15400000000000003,,500,0
run-deb9dc81d3-r0-c8-t25-portable_s2,s2_streaming_memory,b1,lancedb-inproc,BAAI/bge-small-en-v1.5,0.25,ndcg_at_10,0.5055062099023669,112.83679959364224,95.88397823444166,262.75922826347545,0.83,0.17000000000000004,,500,0
run-2924a12462-r0-c8-t25-portable_s2,s2_streaming_memory,b1,pgvector,BAAI/bge-base-en-v1.5,0.25,ndcg_at_10,0.5359346864678227,770.2169696695645,11.908146478784595,285.2200006077871,0.846,0.15400000000000003,,500,0
run-15730963d4-r0-c8-t25-portable_s2,s2_streaming_memory,b1,pgvector,BAAI/bge-small-en-v1.5,0.25,ndcg_at_10,0.5055062099023669,183.77559034735893,46.84133095149111,262.759228342389,0.83,0.17000000000000004,,500,0
run-d17d378efd-r0-c8-t25-portable_s2,s2_streaming_memory,b1,qdrant,BAAI/bge-base-en-v1.5,0.25,ndcg_at_10,0.523866380151599,10.062777979765086,795.8183927082334,283.13573826412335,0.848,0.15200000000000002,,500,0
run-177d9d62e0-r0-c8-t25-portable_s2,s2_streaming_memory,b1,qdrant,BAAI/bge-small-en-v1.5,0.25,ndcg_at_10,0.4978224444354181,7.696758207166567,1042.0611744437963,263.52046980559953,0.832,0.16800000000000004,,500,0
run-2411419c45-r0-c8-t25-portable_s2,s2_streaming_memory,b2,faiss-cpu,BAAI/bge-base-en-v1.5,0.25,ndcg_at_10,0.5268284656504536,21.70485333073884,373.4125592989836,282.5605704892278,0.846,0.15400000000000003,,500,0
run-2411419c45-r1-c8-t25-portable_s2,s2_streaming_memory,b2,faiss-cpu,BAAI/bge-base-en-v1.5,0.25,ndcg_at_10,0.5268284656504536,21.384094211971387,376.82290451305977,282.560570489052,0.846,0.15400000000000003,,500,0
run-621486a537-r0-c8-t25-portable_s2,s2_streaming_memory,b2,faiss-cpu,BAAI/bge-small-en-v1.5,0.25,ndcg_at_10,0.5055062099023669,9.950608940562232,804.2637674628327,262.75922819692727,0.83,0.17000000000000004,,500,0
run-621486a537-r1-c8-t25-portable_s2,s2_streaming_memory,b2,faiss-cpu,BAAI/bge-small-en-v1.5,0.25,ndcg_at_10,0.5055062099023669,9.852235207799822,809.3327039952347,262.7592281968709,0.83,0.17000000000000004,,500,0
run-ac2cb9fa64-r0-c8-t25-portable_s2,s2_streaming_memory,b2,lancedb-inproc,BAAI/bge-base-en-v1.5,0.25,ndcg_at_10,0.5268284656504536,219.40236003836586,48.44313208769956,282.5605706195627,0.846,0.15400000000000003,,500,0
run-ac2cb9fa64-r1-c8-t25-portable_s2,s2_streaming_memory,b2,lancedb-inproc,BAAI/bge-base-en-v1.5,0.25,ndcg_at_10,0.5268284656504536,243.54621485923417,45.331774969687196,282.56057062984183,0.846,0.15400000000000003,,500,0
run-95904c1341-r0-c8-t25-portable_s2,s2_streaming_memory,b2,lancedb-inproc,BAAI/bge-small-en-v1.5,0.25,ndcg_at_10,0.5055062099023669,96.54146947315891,96.7183329003913,262.7592282628236,0.83,0.17000000000000004,,500,0
run-95904c1341-r1-c8-t25-portable_s2,s2_streaming_memory,b2,lancedb-inproc,BAAI/bge-small-en-v1.5,0.25,ndcg_at_10,0.5055062099023669,147.77125685708592,93.1175699940043,262.7592282657201,0.83,0.17000000000000004,,500,0
run-a47a429f2d-r0-c8-t25-portable_s2,s2_streaming_memory,b2,pgvector,BAAI/bge-base-en-v1.5,0.25,ndcg_at_10,0.5268284656504537,381.03862211457454,21.58150925270428,282.56057080516064,0.846,0.15400000000000003,,500,0
run-a47a429f2d-r1-c8-t25-portable_s2,s2_streaming_memory,b2,pgvector,BAAI/bge-base-en-v1.5,0.25,ndcg_at_10,0.5010361260075452,719.9134499696082,13.299537287962831,278.79093804420074,0.846,0.15400000000000003,,500,0
run-69919bf610-r0-c8-t25-portable_s2,s2_streaming_memory,b2,pgvector,BAAI/bge-small-en-v1.5,0.25,ndcg_at_10,0.5055062099023669,167.17719397391193,48.41110919789668,262.75922833738014,0.83,0.17000000000000004,,500,0
run-69919bf610-r1-c8-t25-portable_s2,s2_streaming_memory,b2,pgvector,BAAI/bge-small-en-v1.5,0.25,ndcg_at_10,0.5055062099023669,320.14599273330344,35.68007585652016,262.7592283907093,0.83,0.17000000000000004,,500,0
run-c74661432d-r0-c8-t25-portable_s2,s2_streaming_memory,b2,qdrant,BAAI/bge-base-en-v1.5,0.25,ndcg_at_10,0.5262230424913925,10.48850784311071,786.2440416578766,282.860738264234,0.846,0.15400000000000003,,500,0
run-c74661432d-r1-c8-t25-portable_s2,s2_streaming_memory,b2,qdrant,BAAI/bge-base-en-v1.5,0.25,ndcg_at_10,0.517186581235065,9.862246168777347,840.1361747028355,283.1145973240465,0.848,0.15200000000000002,,500,0
run-1ff9bba794-r0-c8-t25-portable_s2,s2_streaming_memory,b2,qdrant,BAAI/bge-small-en-v1.5,0.25,ndcg_at_10,0.49914028310809005,7.604832826182246,1035.990981564447,263.2667785304724,0.836,0.16400000000000003,,500,0
run-1ff9bba794-r1-c8-t25-portable_s2,s2_streaming_memory,b2,qdrant,BAAI/bge-small-en-v1.5,0.25,ndcg_at_10,0.5011887108029193,7.824405650608239,1003.2628487494391,263.1142617521767,0.83,0.17000000000000004,,500,0
run-b470dff69f-r0-c1-t30-portable_s3,s3_multi_hop,b0,faiss-cpu,BAAI/bge-base-en-v1.5,0.3,evidence_coverage@10,0.8739602169981917,4.109716275706892,276.48659731153055,130.6067088634775,,,0.8739602169981917,,
run-b470dff69f-r0-c4-t30-portable_s3,s3_multi_hop,b0,faiss-cpu,BAAI/bge-base-en-v1.5,0.3,evidence_coverage@10,0.8722698907956318,18.413079330930486,256.3334344628206,130.52070983979092,,,0.8722698907956318,,
run-b470dff69f-r0-c8-t30-portable_s3,s3_multi_hop,b0,faiss-cpu,BAAI/bge-base-en-v1.5,0.3,evidence_coverage@10,0.8744517543859649,30.307864805217836,273.4957172311352,130.68486844231495,,,0.8744517543859649,,
run-dcaec7b236-r0-c1-t30-portable_s3,s3_multi_hop,b0,faiss-cpu,BAAI/bge-small-en-v1.5,0.3,evidence_coverage@10,0.8532918610679109,5.3240503231063485,385.77691449353557,129.36135303457172,,,0.8532918610679109,,
run-dcaec7b236-r0-c4-t30-portable_s3,s3_multi_hop,b0,faiss-cpu,BAAI/bge-small-en-v1.5,0.3,evidence_coverage@10,0.8522507260406583,10.518136454047635,413.1844332757911,129.41471443104544,,,0.8522507260406583,,
run-dcaec7b236-r0-c8-t30-portable_s3,s3_multi_hop,b0,faiss-cpu,BAAI/bge-small-en-v1.5,0.3,evidence_coverage@10,0.8524305555555556,21.170438729459423,402.7625478354947,129.46283483583255,,,0.8524305555555556,,
run-cdadc086f6-r0-c1-t30-portable_s3,s3_multi_hop,b0,lancedb-inproc,BAAI/bge-base-en-v1.5,0.3,evidence_coverage@10,0.8545454545454545,34.07700378447772,43.94574403469119,129.27954547164063,,,0.8545454545454545,,
run-cdadc086f6-r0-c4-t30-portable_s3,s3_multi_hop,b0,lancedb-inproc,BAAI/bge-base-en-v1.5,0.3,evidence_coverage@10,0.8713768115942029,155.6948649813421,27.584664995074263,132.36847836677617,,,0.8713768115942029,,
run-cdadc086f6-r0-c8-t30-portable_s3,s3_multi_hop,b0,lancedb-inproc,BAAI/bge-base-en-v1.5,0.3,evidence_coverage@10,0.8833333333333333,667.160313311033,23.958437001750944,132.26000024270854,,,0.8833333333333333,,
run-418a2577c7-r0-c1-t30-portable_s3,s3_multi_hop,b0,lancedb-inproc,BAAI/bge-small-en-v1.5,0.3,evidence_coverage@10,0.8662551440329218,39.728104474488624,48.57276605600044,128.82345680530665,,,0.8662551440329218,,
run-418a2577c7-r0-c4-t30-portable_s3,s3_multi_hop,b0,lancedb-inproc,BAAI/bge-small-en-v1.5,0.3,evidence_coverage@10,0.8552631578947368,86.75716097350228,53.018804698691625,129.19342110747303,,,0.8552631578947368,,
run-418a2577c7-r0-c8-t30-portable_s3,s3_multi_hop,b0,lancedb-inproc,BAAI/bge-small-en-v1.5,0.3,evidence_coverage@10,0.8529411764705882,223.4126106533222,40.71139013251951,129.79705896602385,,,0.8529411764705882,,
run-c44994d2d8-r0-c1-t30-portable_s3,s3_multi_hop,b0,pgvector,BAAI/bge-base-en-v1.5,0.3,evidence_coverage@10,0.9074074074074074,161.12532503902935,8.084238429566495,128.200000090093,,,0.9074074074074074,,
run-c44994d2d8-r0-c4-t30-portable_s3,s3_multi_hop,b0,pgvector,BAAI/bge-base-en-v1.5,0.3,evidence_coverage@10,0.8492647058823529,321.79629362653947,13.261353275504726,133.34117668915357,,,0.8492647058823529,,
run-c44994d2d8-r0-c8-t30-portable_s3,s3_multi_hop,b0,pgvector,BAAI/bge-base-en-v1.5,0.3,evidence_coverage@10,0.8846153846153846,971.1967650789302,10.294092064689071,130.5129813318826,,,0.8846153846153846,,
run-8e38d66de2-r0-c1-t30-portable_s3,s3_multi_hop,b0,pgvector,BAAI/bge-small-en-v1.5,0.3,evidence_coverage@10,0.8421052631578947,72.5162973604165,15.171598514230029,131.72072373203696,,,0.8421052631578947,,
run-8e38d66de2-r0-c4-t30-portable_s3,s3_multi_hop,b0,pgvector,BAAI/bge-small-en-v1.5,0.3,evidence_coverage@10,0.8333333333333334,271.6849294025451,15.44183972228033,131.820192495218,,,0.8333333333333334,,
run-8e38d66de2-r0-c8-t30-portable_s3,s3_multi_hop,b0,pgvector,BAAI/bge-small-en-v1.5,0.3,evidence_coverage@10,0.8616071428571429,401.1678968125489,22.3576558117888,131.14352704465287,,,0.8616071428571429,,
run-00c237c3ac-r0-c1-t30-portable_s3,s3_multi_hop,b0,qdrant,BAAI/bge-base-en-v1.5,0.3,evidence_coverage@10,0.8438168592212237,5.805781898088752,233.62114800582384,130.77458280155594,,,0.8438168592212237,,
run-00c237c3ac-r0-c4-t30-portable_s3,s3_multi_hop,b0,qdrant,BAAI/bge-base-en-v1.5,0.3,evidence_coverage@10,0.8423,6.3560541393235335,651.7812361359527,130.57980000443942,,,0.8423,,
run-00c237c3ac-r0-c8-t30-portable_s3,s3_multi_hop,b0,qdrant,BAAI/bge-base-en-v1.5,0.3,evidence_coverage@10,0.8391,15.537190762115676,586.1749352201372,130.52274000987254,,,0.8391,,
run-2936b040f4-r0-c1-t30-portable_s3,s3_multi_hop,b0,qdrant,BAAI/bge-small-en-v1.5,0.3,evidence_coverage@10,0.8108448928121059,6.178227451164269,237.87648491072164,130.45813367265006,,,0.8108448928121059,,
run-2936b040f4-r0-c4-t30-portable_s3,s3_multi_hop,b0,qdrant,BAAI/bge-small-en-v1.5,0.3,evidence_coverage@10,0.8121,5.8042195776943135,788.2171571328773,129.857580003671,,,0.8121,,
run-2936b040f4-r0-c8-t30-portable_s3,s3_multi_hop,b0,qdrant,BAAI/bge-small-en-v1.5,0.3,evidence_coverage@10,0.8132,11.534049868350849,705.9733654327995,130.02639000819724,,,0.8132,,
run-37f72a7b82-r0-c1-t30-portable_s3,s3_multi_hop,b1,faiss-cpu,BAAI/bge-base-en-v1.5,0.3,evidence_coverage@10,0.8712,4.030179918045178,278.41051981898283,130.02885000269924,,,0.8712,,
run-37f72a7b82-r0-c4-t30-portable_s3,s3_multi_hop,b1,faiss-cpu,BAAI/bge-base-en-v1.5,0.3,evidence_coverage@10,0.8712,15.350231734337287,274.0852442660681,130.0288500106596,,,0.8712,,
run-37f72a7b82-r0-c8-t30-portable_s3,s3_multi_hop,b1,faiss-cpu,BAAI/bge-base-en-v1.5,0.3,evidence_coverage@10,0.8712,29.30259295972064,274.2278512722373,130.02885002120556,,,0.8712,,
run-e7282e9c72-r0-c1-t30-portable_s3,s3_multi_hop,b1,faiss-cpu,BAAI/bge-small-en-v1.5,0.3,evidence_coverage@10,0.8515,2.014133328339085,569.7921609045048,129.32490000129474,,,0.8515,,
run-e7282e9c72-r0-c4-t30-portable_s3,s3_multi_hop,b1,faiss-cpu,BAAI/bge-small-en-v1.5,0.3,evidence_coverage@10,0.8515,7.657436362933368,557.5267974163374,129.32490000521565,,,0.8515,,
run-e7282e9c72-r0-c8-t30-portable_s3,s3_multi_hop,b1,faiss-cpu,BAAI/bge-small-en-v1.5,0.3,evidence_coverage@10,0.8515,15.29920348082669,547.7622403483077,129.32490001059108,,,0.8515,,
run-76416db5bb-r0-c1-t30-portable_s3,s3_multi_hop,b1,lancedb-inproc,BAAI/bge-base-en-v1.5,0.3,evidence_coverage@10,0.8665730337078652,25.22975141066126,47.4625318226245,129.44157304953632,,,0.8665730337078652,,
run-76416db5bb-r0-c4-t30-portable_s3,s3_multi_hop,b1,lancedb-inproc,BAAI/bge-base-en-v1.5,0.3,evidence_coverage@10,0.8650398406374502,147.2523469582666,33.390957493373996,129.6000000874907,,,0.8650398406374502,,
run-76416db5bb-r0-c8-t30-portable_s3,s3_multi_hop,b1,lancedb-inproc,BAAI/bge-base-en-v1.5,0.3,evidence_coverage@10,0.864406779661017,456.9281069899442,31.334931091152026,129.84216120252216,,,0.864406779661017,,
run-77c9c96d15-r0-c1-t30-portable_s3,s3_multi_hop,b1,lancedb-inproc,BAAI/bge-small-en-v1.5,0.3,evidence_coverage@10,0.8540734109221128,16.86606841511094,74.46491001970631,128.59753805824764,,,0.8540734109221128,,
run-77c9c96d15-r0-c4-t30-portable_s3,s3_multi_hop,b1,lancedb-inproc,BAAI/bge-small-en-v1.5,0.3,evidence_coverage@10,0.8530042918454935,74.08052747254256,62.02839971802511,128.667086956747,,,0.8530042918454935,,
run-77c9c96d15-r0-c8-t30-portable_s3,s3_multi_hop,b1,lancedb-inproc,BAAI/bge-small-en-v1.5,0.3,evidence_coverage@10,0.8542668269230769,202.99129175720734,55.4428755132499,128.61697726809442,,,0.8542668269230769,,
run-9f40355de7-r0-c1-t30-portable_s3,s3_multi_hop,b1,pgvector,BAAI/bge-base-en-v1.5,0.3,evidence_coverage@10,0.8740234375,74.1371056821663,17.05108872096759,131.07890629271475,,,0.8740234375,,
run-9f40355de7-r0-c4-t30-portable_s3,s3_multi_hop,b1,pgvector,BAAI/bge-base-en-v1.5,0.3,evidence_coverage@10,0.8730916030534351,231.93903392297216,17.419768030269,130.94942764730584,,,0.8730916030534351,,
run-9f40355de7-r0-c8-t30-portable_s3,s3_multi_hop,b1,pgvector,BAAI/bge-base-en-v1.5,0.3,evidence_coverage@10,0.8683712121212122,467.6319581142162,17.419035526972547,131.3176139688729,,,0.8683712121212122,,
run-42d9ac5eea-r0-c1-t30-portable_s3,s3_multi_hop,b1,pgvector,BAAI/bge-small-en-v1.5,0.3,evidence_coverage@10,0.8599493029150824,53.21193111594767,26.29485705464178,129.74239546485722,,,0.8599493029150824,,
run-42d9ac5eea-r0-c4-t30-portable_s3,s3_multi_hop,b1,pgvector,BAAI/bge-small-en-v1.5,0.3,evidence_coverage@10,0.8590561224489796,170.7531551888678,26.116108164229093,129.9306123557775,,,0.8590561224489796,,
run-42d9ac5eea-r0-c8-t30-portable_s3,s3_multi_hop,b1,pgvector,BAAI/bge-small-en-v1.5,0.3,evidence_coverage@10,0.8601804123711341,332.9829896974843,25.807720935657013,129.77590228617848,,,0.8601804123711341,,
run-b8e12671f8-r0-c1-t30-portable_s3,s3_multi_hop,b1,qdrant,BAAI/bge-base-en-v1.5,0.3,evidence_coverage@10,0.8406,5.570704535348343,241.66000753669695,130.51155000299337,,,0.8406,,
run-b8e12671f8-r0-c4-t30-portable_s3,s3_multi_hop,b1,qdrant,BAAI/bge-base-en-v1.5,0.3,evidence_coverage@10,0.8448,6.06292227166705,739.2189854122126,130.57434000391427,,,0.8448,,
run-b8e12671f8-r0-c8-t30-portable_s3,s3_multi_hop,b1,qdrant,BAAI/bge-base-en-v1.5,0.3,evidence_coverage@10,0.8442,9.860274485545236,805.9806287661196,130.5472200071801,,,0.8442,,
run-bd298fc8b6-r0-c1-t30-portable_s3,s3_multi_hop,b1,qdrant,BAAI/bge-small-en-v1.5,0.3,evidence_coverage@10,0.815,6.143990994896741,237.62226935587734,129.89448000304424,,,0.815,,
run-bd298fc8b6-r0-c4-t30-portable_s3,s3_multi_hop,b1,qdrant,BAAI/bge-small-en-v1.5,0.3,evidence_coverage@10,0.8124,6.186262514675036,872.5232292593569,129.83358000331626,,,0.8124,,
run-bd298fc8b6-r0-c8-t30-portable_s3,s3_multi_hop,b1,qdrant,BAAI/bge-small-en-v1.5,0.3,evidence_coverage@10,0.813,10.431791703449564,779.9779706098892,129.9575100074195,,,0.813,,
run-02cb31afdb-r0-c1-t30-portable_s3,s3_multi_hop,b2,faiss-cpu,BAAI/bge-base-en-v1.5,0.3,evidence_coverage@10,0.8712,4.1262932901736376,280.0003342221569,130.02885000268392,,,0.8712,,
run-02cb31afdb-r0-c4-t30-portable_s3,s3_multi_hop,b2,faiss-cpu,BAAI/bge-base-en-v1.5,0.3,evidence_coverage@10,0.8712,22.25522674387321,200.048407049983,130.02885001460464,,,0.8712,,
run-02cb31afdb-r0-c8-t30-portable_s3,s3_multi_hop,b2,faiss-cpu,BAAI/bge-base-en-v1.5,0.3,evidence_coverage@10,0.8712,42.9089877998922,192.81792314278619,130.0288500301588,,,0.8712,,
run-02cb31afdb-r1-c1-t30-portable_s3,s3_multi_hop,b2,faiss-cpu,BAAI/bge-base-en-v1.5,0.3,evidence_coverage@10,0.8712,7.755977055057889,176.95211580173398,130.0288500042469,,,0.8712,,
run-02cb31afdb-r1-c4-t30-portable_s3,s3_multi_hop,b2,faiss-cpu,BAAI/bge-base-en-v1.5,0.3,evidence_coverage@10,0.8712,27.650868257042042,174.57036821655444,130.02885001673613,,,0.8712,,
run-02cb31afdb-r1-c8-t30-portable_s3,s3_multi_hop,b2,faiss-cpu,BAAI/bge-base-en-v1.5,0.3,evidence_coverage@10,0.8712,56.200625102501384,162.69430555521868,130.0288500357428,,,0.8712,,
run-2df85138b6-r0-c1-t30-portable_s3,s3_multi_hop,b2,faiss-cpu,BAAI/bge-small-en-v1.5,0.3,evidence_coverage@10,0.8515,2.392577911959962,561.2544920718562,129.32490000131443,,,0.8515,,
run-2df85138b6-r0-c4-t30-portable_s3,s3_multi_hop,b2,faiss-cpu,BAAI/bge-small-en-v1.5,0.3,evidence_coverage@10,0.8515,9.255126231582844,543.5168437093828,129.3249000053501,,,0.8515,,
run-2df85138b6-r0-c8-t30-portable_s3,s3_multi_hop,b2,faiss-cpu,BAAI/bge-small-en-v1.5,0.3,evidence_coverage@10,0.8515,22.840581213822592,422.3727970398892,129.32490001373523,,,0.8515,,
run-2df85138b6-r1-c1-t30-portable_s3,s3_multi_hop,b2,faiss-cpu,BAAI/bge-small-en-v1.5,0.3,evidence_coverage@10,0.8515,2.6000432833097875,519.7026214813915,129.32490000141954,,,0.8515,,
run-2df85138b6-r1-c4-t30-portable_s3,s3_multi_hop,b2,faiss-cpu,BAAI/bge-small-en-v1.5,0.3,evidence_coverage@10,0.8515,9.377862067194657,532.3687639320826,129.32490000546213,,,0.8515,,
run-2df85138b6-r1-c8-t30-portable_s3,s3_multi_hop,b2,faiss-cpu,BAAI/bge-small-en-v1.5,0.3,evidence_coverage@10,0.8515,17.726554928813137,529.9859654900152,129.3249000109463,,,0.8515,,
run-f8a77d565d-r0-c1-t30-portable_s3,s3_multi_hop,b2,lancedb-inproc,BAAI/bge-base-en-v1.5,0.3,evidence_coverage@10,0.8702786377708979,51.24976115534077,26.90846464914742,128.98904027559712,,,0.8702786377708979,,
run-f8a77d565d-r0-c4-t30-portable_s3,s3_multi_hop,b2,lancedb-inproc,BAAI/bge-base-en-v1.5,0.3,evidence_coverage@10,0.8605442176870748,277.53405275871046,19.554137725398753,129.21058688409445,,,0.8605442176870748,,
run-f8a77d565d-r0-c8-t30-portable_s3,s3_multi_hop,b2,lancedb-inproc,BAAI/bge-base-en-v1.5,0.3,evidence_coverage@10,0.8645833333333334,566.8151127581951,17.554334337517094,129.94673328579796,,,0.8645833333333334,,
run-f8a77d565d-r1-c1-t30-portable_s3,s3_multi_hop,b2,lancedb-inproc,BAAI/bge-base-en-v1.5,0.3,evidence_coverage@10,0.8673202614379085,50.62697443179786,25.4881445434316,129.10156865692585,,,0.8673202614379085,,
run-f8a77d565d-r1-c4-t30-portable_s3,s3_multi_hop,b2,lancedb-inproc,BAAI/bge-base-en-v1.5,0.3,evidence_coverage@10,0.8611111111111112,231.93533248850142,19.776798628816675,128.7064395416579,,,0.8611111111111112,,
run-f8a77d565d-r1-c8-t30-portable_s3,s3_multi_hop,b2,lancedb-inproc,BAAI/bge-base-en-v1.5,0.3,evidence_coverage@10,0.8648255813953488,571.8910394492544,17.169771782299776,129.9142445247183,,,0.8648255813953488,,
run-5d8ac446a8-r0-c1-t30-portable_s3,s3_multi_hop,b2,lancedb-inproc,BAAI/bge-small-en-v1.5,0.3,evidence_coverage@10,0.8512803676953381,54.80080480221658,25.370260830727634,128.46204861738158,,,0.8512803676953381,,
run-5d8ac446a8-r0-c4-t30-portable_s3,s3_multi_hop,b2,lancedb-inproc,BAAI/bge-small-en-v1.5,0.3,evidence_coverage@10,0.8461879432624113,382.0115751563572,18.784111837511123,128.47952143138764,,,0.8461879432624113,,
run-5d8ac446a8-r0-c8-t30-portable_s3,s3_multi_hop,b2,lancedb-inproc,BAAI/bge-small-en-v1.5,0.3,evidence_coverage@10,0.8449074074074074,622.9706383647865,17.975674518214472,129.09875032272205,,,0.8449074074074074,,
run-5d8ac446a8-r1-c1-t30-portable_s3,s3_multi_hop,b2,lancedb-inproc,BAAI/bge-small-en-v1.5,0.3,evidence_coverage@10,0.8509272467902995,67.25480615976268,23.364682810380355,128.41979318420334,,,0.8509272467902995,,
run-5d8ac446a8-r1-c4-t30-portable_s3,s3_multi_hop,b2,lancedb-inproc,BAAI/bge-small-en-v1.5,0.3,evidence_coverage@10,0.8496621621621622,345.9581358707532,19.732631646558843,128.70620791762153,,,0.8496621621621622,,
run-5d8ac446a8-r1-c8-t30-portable_s3,s3_multi_hop,b2,lancedb-inproc,BAAI/bge-small-en-v1.5,0.3,evidence_coverage@10,0.8450520833333334,739.5571100187954,19.10923673883339,128.57734405357814,,,0.8450520833333334,,
run-e6fea1b289-r0-c1-t30-portable_s3,s3_multi_hop,b2,pgvector,BAAI/bge-base-en-v1.5,0.3,evidence_coverage@10,0.8704128440366973,278.1305311887985,7.264469825368841,131.88233954980092,,,0.8704128440366973,,
run-e6fea1b289-r0-c4-t30-portable_s3,s3_multi_hop,b2,pgvector,BAAI/bge-base-en-v1.5,0.3,evidence_coverage@10,0.871,614.0254930860824,8.33045339716497,131.35530034793686,,,0.871,,
run-e6fea1b289-r0-c8-t30-portable_s3,s3_multi_hop,b2,pgvector,BAAI/bge-base-en-v1.5,0.3,evidence_coverage@10,0.8759920634920635,1112.618319947505,8.392192492664542,130.66577449968796,,,0.8759920634920635,,
run-e6fea1b289-r1-c1-t30-portable_s3,s3_multi_hop,b2,pgvector,BAAI/bge-base-en-v1.5,0.3,evidence_coverage@10,0.8658227848101265,268.32052645273507,6.58331815516955,131.81202542708888,,,0.8658227848101265,,
run-e6fea1b289-r1-c4-t30-portable_s3,s3_multi_hop,b2,pgvector,BAAI/bge-base-en-v1.5,0.3,evidence_coverage@10,0.876008064516129,650.3148368268741,8.226325844424732,130.8626011587926,,,0.876008064516129,,
run-e6fea1b289-r1-c8-t30-portable_s3,s3_multi_hop,b2,pgvector,BAAI/bge-base-en-v1.5,0.3,evidence_coverage@10,0.8689516129032258,1217.2607975779101,8.235646247189417,131.2881055419927,,,0.8689516129032258,,
run-d9a11c5989-r0-c1-t30-portable_s3,s3_multi_hop,b2,pgvector,BAAI/bge-small-en-v1.5,0.3,evidence_coverage@10,0.8525641025641025,117.86424878402612,31.193944475477878,129.1155448950559,,,0.8525641025641025,,
run-d9a11c5989-r0-c4-t30-portable_s3,s3_multi_hop,b2,pgvector,BAAI/bge-small-en-v1.5,0.3,evidence_coverage@10,0.8496153846153847,210.85669631604105,21.649168095095565,128.77834628760382,,,0.8496153846153847,,
run-d9a11c5989-r0-c8-t30-portable_s3,s3_multi_hop,b2,pgvector,BAAI/bge-small-en-v1.5,0.3,evidence_coverage@10,0.85,499.0610835375264,18.597344779787576,129.51187531129503,,,0.85,,
run-d9a11c5989-r1-c1-t30-portable_s3,s3_multi_hop,b2,pgvector,BAAI/bge-small-en-v1.5,0.3,evidence_coverage@10,0.8549504950495049,94.15262949885799,16.831628453196537,129.62658420152533,,,0.8549504950495049,,
run-d9a11c5989-r1-c4-t30-portable_s3,s3_multi_hop,b2,pgvector,BAAI/bge-small-en-v1.5,0.3,evidence_coverage@10,0.8459409594095941,270.2577755786488,18.04384238400464,129.21226953317742,,,0.8459409594095941,,
run-d9a11c5989-r1-c8-t30-portable_s3,s3_multi_hop,b2,pgvector,BAAI/bge-small-en-v1.5,0.3,evidence_coverage@10,0.8512126865671642,499.24360124976357,17.83110106217285,129.48162345900042,,,0.8512126865671642,,
run-36ffc2dbf0-r0-c1-t30-portable_s3,s3_multi_hop,b2,qdrant,BAAI/bge-base-en-v1.5,0.3,evidence_coverage@10,0.8582,6.358105469262231,230.75224562937134,130.32483000313488,,,0.8582,,
run-36ffc2dbf0-r0-c4-t30-portable_s3,s3_multi_hop,b2,qdrant,BAAI/bge-base-en-v1.5,0.3,evidence_coverage@10,0.8415,10.442037088796496,392.55453073678007,130.590000007371,,,0.8415,,
run-36ffc2dbf0-r0-c8-t30-portable_s3,s3_multi_hop,b2,qdrant,BAAI/bge-base-en-v1.5,0.3,evidence_coverage@10,0.8401,19.96656137052925,400.9130473905908,130.65741001443465,,,0.8401,,
run-36ffc2dbf0-r1-c1-t30-portable_s3,s3_multi_hop,b2,qdrant,BAAI/bge-base-en-v1.5,0.3,evidence_coverage@10,0.8584,5.857816564384849,235.14915004449682,130.31607000307625,,,0.8584,,
run-36ffc2dbf0-r1-c4-t30-portable_s3,s3_multi_hop,b2,qdrant,BAAI/bge-base-en-v1.5,0.3,evidence_coverage@10,0.8414,10.558201650856065,386.6743698645583,130.5693000074831,,,0.8414,,
run-36ffc2dbf0-r1-c8-t30-portable_s3,s3_multi_hop,b2,qdrant,BAAI/bge-base-en-v1.5,0.3,evidence_coverage@10,0.8438,35.00427606864833,426.09476943715146,130.53804001358156,,,0.8438,,
run-c141f5c237-r0-c1-t30-portable_s3,s3_multi_hop,b2,qdrant,BAAI/bge-small-en-v1.5,0.3,evidence_coverage@10,0.8144,6.144558254163712,236.43337883673868,129.85464000305953,,,0.8144,,
run-c141f5c237-r0-c4-t30-portable_s3,s3_multi_hop,b2,qdrant,BAAI/bge-small-en-v1.5,0.3,evidence_coverage@10,0.8149,7.946352917933837,539.4245828151321,129.8809500053641,,,0.8149,,
run-c141f5c237-r0-c8-t30-portable_s3,s3_multi_hop,b2,qdrant,BAAI/bge-small-en-v1.5,0.3,evidence_coverage@10,0.8129,15.205863219453022,547.1329553417494,129.90543001057702,,,0.8129,,
run-c141f5c237-r1-c1-t30-portable_s3,s3_multi_hop,b2,qdrant,BAAI/bge-small-en-v1.5,0.3,evidence_coverage@10,0.8131,6.436558814020829,230.07832811151692,129.94458000314407,,,0.8131,,
run-c141f5c237-r1-c4-t30-portable_s3,s3_multi_hop,b2,qdrant,BAAI/bge-small-en-v1.5,0.3,evidence_coverage@10,0.8143,8.338314088759955,534.4395614321106,129.7957200054141,,,0.8143,,
run-c141f5c237-r1-c8-t30-portable_s3,s3_multi_hop,b2,qdrant,BAAI/bge-small-en-v1.5,0.3,evidence_coverage@10,0.8165,18.27564331819305,492.7874175891403,129.85500001174347,,,0.8165,,
